{"cameraMode":{"drawMode":0,"name":"Shaded","section":"Shading Mode"},"sceneLighting":true,"audioPlay":false,"sceneViewState":{"m_AlwaysRefresh":false,"showFog":true,"showSkybox":true,"showFlares":true,"showImageEffects":true,"showParticleSystems":true,"showVisualEffectGraphs":true,"m_FxEnabled":true},"in2DMode":false,"pivot":{"x":1.2611234188079835,"y":2.349919557571411,"z":-8.39663314819336},"rotation":{"x":-0.0011893102200701833,"y":0.04198284447193146,"z":0.000049856360419653356,"w":0.9991199970245361},"size":13.106583595275879,"orthographic":false}